id,parent_id,name,slug,description,sort,logo_type,logo_upload,logo_link,banner_type,banner_upload,banner_link,status,is_map_enable,url,meta_keyword,meta_description,created_at,updated_at
1,,Office Equipment,,,,link,,https://www.revglue.com/resources/common/banner/,link,,https://www.revglue.com/resources/common/banner/,1,,,,,2021-03-31 17:53:03,2022-06-10 15:37:51
2,,Home,,,,link,,https://www.revglue.com/resources/common/banner/,link,,https://www.revglue.com/resources/common/banner/,1,,,,,2021-03-31 17:53:03,2022-06-10 15:37:51
3,,Restaurants,,,,link,,https://www.revglue.com/resources/common/banner/,link,,https://www.revglue.com/resources/common/banner/,1,,,,,2021-03-31 17:53:03,2022-06-10 15:37:51
4,0,Financial Services ,,"For  your insurance, accountancy, estate planning and general finance related needs, earn cashback from a range of Black-owned service providers.",,link,,https://www.revglue.com/resources/common/banner/KNNI8xGo5lD3XdSq_insurance-banner.png,link,,https://www.revglue.com/resources/common/banner/0xN7lUhFlpmaZDBO_insurance-banner.jpg,1,,,,"For  your insurance, accountancy, estate planning and general finance related needs, earn cashback from a range of Black-owned service providers.",2021-03-31 17:53:03,2022-06-10 15:37:51
5,4,Car Insurance,,Car Insurance,,link,,https://www.revglue.com/resources/common/banner/Q8l1ZSaIcnpNb5GW_car-insurance-banner.png,link,,https://www.revglue.com/resources/common/banner/aGXeyApApaTUUPkr_car-insurance-banner.jpg,1,,,,Car Insurance,2021-03-31 17:53:03,2022-06-10 15:37:51
6,4,Breakdown Cover,,Breakdown Cover,,link,,https://www.revglue.com/resources/common/banner/smdqloKJ8zDfsQyN_breakdown-cover-banner.png,link,,https://www.revglue.com/resources/common/banner/cjjXae5oHdAJ4AG4_breakdown-cover-banner.jpg,1,,,,Breakdown Cover,2021-03-31 17:53:03,2022-06-10 15:37:51
7,4,Cycle Insurance,,Cycle Insurance,,link,,https://www.revglue.com/resources/common/banner/VS5ILAnJaQBQOlPa_cycle-insurance-banner.png,link,,https://www.revglue.com/resources/common/banner/Twp8rmg24MIDjhQl_cycle-insurance-banner.jpg,1,,,,Cycle Insurance,2021-03-31 17:53:03,2022-06-10 15:37:51
8,4,Gadgets Insurance ,,Gadgets Insurance ,,link,,https://www.revglue.com/resources/common/banner/0zMntAdCTB4M6w9I_gadget-insurance-banner.png,link,,https://www.revglue.com/resources/common/banner/gcvznli4CBy62asz_gadgets-insurance-banner.jpg,1,,,,Gadgets Insurance ,2021-03-31 17:53:03,2022-06-10 15:37:51
9,4,Home Insurance,,Home Insurance,,link,,https://www.revglue.com/resources/common/banner/rS18lOja03AoiEbj_home-insurance-banner.png,link,,https://www.revglue.com/resources/common/banner/x40PLES95MfwnePa_home-insurance-banner.jpg,1,,,,Home Insurance,2021-03-31 17:53:03,2022-06-10 15:37:51
10,4,Life Insurance,,Life Insurance,,link,,https://www.revglue.com/resources/common/banner/A1aYCiMgV4OUkIaV_life-insurance-banner.png,link,,https://www.revglue.com/resources/common/banner/VWt82KSPG0XfDd4q_life-insurance-banner.jpg,0,,,,Life Insurance,2021-03-31 17:53:03,2022-06-10 15:37:51
11,4,Travel Insurance ,,Travel Insurance ,,link,,https://www.revglue.com/resources/common/banner/Z7z5qedXJYkPDNgj_travel-insurance-banner.png,link,,https://www.revglue.com/resources/common/banner/e1hhlc8iG8BwIX63_travel-insurance-banner.jpg,1,,,,Travel Insurance ,2021-03-31 17:53:03,2022-06-10 15:37:51
12,4,Health Insurance,,Health Insurance,,link,,https://www.revglue.com/resources/common/banner/6W8q5rWVI8iyjQ6Q_health-insurance-banner.png,link,,https://www.revglue.com/resources/common/banner/cd77XLGgHC5q8Myq_health-insurance-banner.jpg,1,,,,Health Insurance,2021-03-31 17:53:03,2022-06-10 15:37:51
13,4,Pet Insurance ,,Pet Insurance ,,link,,https://www.revglue.com/resources/common/banner/Mit1K6NQTuuAhSM9_pet-insurance-banner.png,link,,https://www.revglue.com/resources/common/banner/eyl8tw40naLUEzLj_pet-insurance-banner.jpg,1,,,,Pet Insurance ,2021-03-31 17:53:03,2022-06-10 15:37:51
14,4,Business Insurance ,,Business Insurance ,,link,,https://www.revglue.com/resources/common/banner/giVw84OJp96x3j3A_business-insurance-banner.png,link,,https://www.revglue.com/resources/common/banner/ykQg4wJhP1vSgA6F_business-insurance-banner.jpg,1,,,,Business Insurance ,2021-03-31 17:53:03,2022-06-10 15:37:51
15,0,Electronics & Software,,Electronics & Software,,link,,https://www.revglue.com/resources/common/banner/3n0Q0pBvbrApvwxU_electronics-banner.png,link,,https://www.revglue.com/resources/common/banner/fzq0j576YLS42O4w_electronics-banner.jpg,1,,,,Electronics & Software,2021-03-31 17:53:03,2022-06-10 15:37:51
16,15,Cameras & Accessories,,Cameras & Accessories,,link,,https://www.revglue.com/resources/common/banner/ZFiDCYzSy5X54v7f_cameras-banner.png,link,,https://www.revglue.com/resources/common/banner/3gSfZpPfEQYwlcyv_cameras-banner.jpg,1,,,,Cameras & Accessories,2021-03-31 17:53:03,2022-06-10 15:37:51
17,15,Computer Hardware & Accessories,,Computer Hardware & Accessories,,link,,https://www.revglue.com/resources/common/banner/Nd86snSU8J4MmNJL_computers-banner.png,link,,https://www.revglue.com/resources/common/banner/ivTm99bvCjIgttgs_computers-banner.jpg,1,,,,Computer Hardware & Accessories,2021-03-31 17:53:03,2022-06-10 15:37:51
18,15,Gaming,,Gaming,,link,,https://www.revglue.com/resources/common/banner/2Ti1imZ0HX1GTXCU_gaming-banner.png,link,,https://www.revglue.com/resources/common/banner/V5EvDlbCCnxWmY9A_gaming-banner.jpg,1,,,,Gaming,2021-03-31 17:53:03,2022-06-10 15:37:51
19,15,"Laptops, PCs & Macs",,"Laptops, PCs & Macs",,link,,https://www.revglue.com/resources/common/banner/r7VBRMqrwGpp0fvw_laptop-banner.png,link,,https://www.revglue.com/resources/common/banner/nVgkEVx0YG9m9HYw_laptops-banner.jpg,1,,,,"Laptops, PCs & Macs",2021-03-31 17:53:03,2022-06-10 15:37:51
20,15,iPads & Android Tablets,,iPads & Android Tablets,,link,,https://www.revglue.com/resources/common/banner/XZth08AYzmmCRulL_ipad-banner.png,link,,https://www.revglue.com/resources/common/banner/oD0SZmnRS1vXk8ae_ipads-tablets-banner.jpg,1,,,,iPads & Android Tablets,2021-03-31 17:53:03,2022-06-10 15:37:51
21,15,"TV, Sound & Entertainment",,"TV, Sound & Entertainment",,link,,https://www.revglue.com/resources/common/banner/3BQH7v7rIjzgqajz_tv-sound-banner.png,link,,https://www.revglue.com/resources/common/banner/TOkxElQYlIRLvIbt_tv-sound-banner.jpg,1,,,,"TV, Sound & Entertainment",2021-03-31 17:53:03,2022-06-10 15:37:51
22,15,Photography,,Photography,,link,,https://www.revglue.com/resources/common/banner/ELilvTZIFEPXVW1A_photography-banner.png,link,,https://www.revglue.com/resources/common/banner/fY8CSCpUDTn2vMoN_photography-banner.jpg,1,,,,Photography,2021-03-31 17:53:03,2022-06-10 15:37:51
23,15,Printers & Ink Cartridges,,Printers & Ink Cartridges,,link,,https://www.revglue.com/resources/common/banner/8THSTT1GoZisoTCE_printer-ink-banner.png,link,,https://www.revglue.com/resources/common/banner/nHbYhghjORrF6yjI_printers-banner.jpg,1,,,,Printers & Ink Cartridges,2021-03-31 17:53:03,2022-06-10 15:37:51
24,15,Wearables,,Wearables,,link,,https://www.revglue.com/resources/common/banner/3fusqyOjczAxQ6ft_wearables-banner.png,link,,https://www.revglue.com/resources/common/banner/mHpSdfgRdWNmUPll_wearables-banner.jpg,1,,,,Wearables,2021-03-31 17:53:03,2022-06-10 15:37:51
25,0,Financial & Services,,Financial & Services,,link,,https://www.revglue.com/resources/common/banner/u1v6DuiISV0n5gra_finance-banner.png,link,,https://www.revglue.com/resources/common/banner/j0ROTSP3rNlRGv4x_Finance--Insurance-banner.jpg,1,,,,Financial & Services,2021-03-31 17:53:03,2022-06-10 15:37:51
26,25,Loans,,Loans,,link,,https://www.revglue.com/resources/common/banner/vJoTojBfZ323FLEX_loan-banner.png,link,,https://www.revglue.com/resources/common/banner/hTgP7LZ1nN1p0QTU_loans-banner.jpg,0,,,,Loans,2021-03-31 17:53:03,2022-06-10 15:37:51
27,25,Credit Cards,,Credit Cards,,link,,https://www.revglue.com/resources/common/banner/G3gZMLN5S7b8LZau_credit-card-banner.png,link,,https://www.revglue.com/resources/common/banner/JUr129aOiUhAEp2C_credit-cards-banner.jpg,1,,,,Credit Cards,2021-03-31 17:53:03,2022-06-10 15:37:51
28,25,Credit Rating,,Credit Rating,,link,,https://www.revglue.com/resources/common/banner/OY66ChlYfn7mFBGh_credit-rating-banner.png,link,,https://www.revglue.com/resources/common/banner/9r3zuM1SMjlTtkI6_credit-rating-banner.jpg,1,,,,Credit Rating,2021-03-31 17:53:03,2022-06-10 15:37:51
29,25,Money Transfer & Exchange Services ,,Money Transfer & Exchange Services ,,link,,https://www.revglue.com/resources/common/banner/8yFZ2vmZTIRXALRO_money-transfer-banner.png,link,,https://www.revglue.com/resources/common/banner/aEw6ve9hhqOgrn3v_money-transfer-banner.jpg,1,,,,Money Transfer & Exchange Services ,2021-03-31 17:53:03,2022-06-10 15:37:51
30,25,ISAs & Savings ,,ISAs & Savings ,,link,,https://www.revglue.com/resources/common/banner/QLQtgOiiCca46H27_saving-banner.png,link,,https://www.revglue.com/resources/common/banner/tHb0AiCBkxSZumLa_isa-saving-banner.jpg,1,,,,ISAs & Savings ,2021-03-31 17:53:03,2022-06-10 15:37:51
31,25,Mortgages ,,Mortgages ,,link,,https://www.revglue.com/resources/common/banner/FiAbpUJqkRet5bda_mortgage-banner.png,link,,https://www.revglue.com/resources/common/banner/dqoXkmefHvnttNoa_mortgage-banner.jpg,1,,,,Mortgages ,2021-03-31 17:53:03,2022-06-10 15:37:51
32,0,Telecoms & Utilities,,Telecoms & Utilities,,link,,https://www.revglue.com/resources/common/banner/ePCndLPjCLTv6uGS_telecom-utilities-banner.png,link,,https://www.revglue.com/resources/common/banner/aXdscpfYfeOf0CGK_telecom-utilities-banner.jpg,1,,,,Telecoms & Utilities,2021-03-31 17:53:04,2022-06-10 15:37:51
33,32,Mobile Broadband,,Mobile Broadband,,link,,https://www.revglue.com/resources/common/banner/ycUTp6ZA3V8OpL6N_mobile-broadband-banner.png,link,,https://www.revglue.com/resources/common/banner/8dPjKQ6c90D3a9W4_mobile-broadband-banner.jpg,1,,,,Mobile Broadband,2021-03-31 17:53:04,2022-06-10 15:37:51
34,32,Broadband,,Broadband,,link,,https://www.revglue.com/resources/common/banner/sU6JoGjje1WpZjFB_broadband-banner.png,link,,https://www.revglue.com/resources/common/banner/90zwA2Tjlki7EZy6_broadband-banner.jpg,1,,,,Broadband,2021-03-31 17:53:04,2022-06-10 15:37:51
35,32,Mobile Phones ,,Mobile Phones ,,link,,https://www.revglue.com/resources/common/banner/XSqUL4Qjy7aCTImB_mobile-phones-banner.png,link,,https://www.revglue.com/resources/common/banner/GuJMNCMJ1GPfrV4Q_mobile-phones-banner.jpg,1,,,,Mobile Phones ,2021-03-31 17:53:04,2022-06-10 15:37:51
36,32,Apps & Services,,Apps & Services,,link,,https://www.revglue.com/resources/common/banner/q9auIbmstwriakd4_app-services-banner.png,link,,https://www.revglue.com/resources/common/banner/QHRVmgvp7Spb67DY_apps-services-banner.jpg,1,,,,Apps & Services,2021-03-31 17:53:04,2022-06-10 15:37:51
37,32,Landline Phone,,Landline Phone,,link,,https://www.revglue.com/resources/common/banner/dBPhUL2bdsl8SHiv_landline-phone-banner.png,link,,https://www.revglue.com/resources/common/banner/TfGGKvkG4WdyG1iG_landline-phones-banner.jpg,1,,,,Landline Phone,2021-03-31 17:53:04,2022-06-10 15:37:51
38,32,Mobile Accessories,,Mobile Accessories,,link,,https://www.revglue.com/resources/common/banner/l4nzg4mRB2Ug7tJD_mobile-accessories-banner.png,link,,https://www.revglue.com/resources/common/banner/VBkpjDewTTjEhFWp_mobile-accessories-banner.jpg,1,,,,Mobile Accessories,2021-03-31 17:53:04,2022-06-10 15:37:51
39,32,Gas & Electricity,,Gas & Electricity,,link,,https://www.revglue.com/resources/common/banner/bdkOAEO10SAJ2Qkf_gas-electricity-banner.png,link,,https://www.revglue.com/resources/common/banner/1XoJsQuUZkrhfal8_gas-electricity-banner.jpg,1,,,,Gas & Electricity,2021-03-31 17:53:04,2022-06-10 15:37:51
40,0,Travel & Holidays,,Travel & Holidays,,link,,https://www.revglue.com/resources/common/banner/ZvAjzmmXXPP6sRqU_travel-holidays-banner.png,link,,https://www.revglue.com/resources/common/banner/xXWGWrJ0eyGBB25o_travel-holidays-banner.jpg,1,,,,Travel & Holidays,2021-03-31 17:53:04,2022-06-10 15:37:51
41,40,Hotel & Accommodation,,Hotel & Accommodation,,link,,https://www.revglue.com/resources/common/banner/dliRK0b6SQgijhnh_hotel-accomodation-banner.png,link,,https://www.revglue.com/resources/common/banner/905bdhxgEpvRBQkr_hotel-accomodation-banner.jpg,1,,,,Hotel & Accommodation,2021-03-31 17:53:04,2022-06-10 15:37:51
42,40,Ferries & Cruiselines,,Ferries & Cruiselines,,link,,https://www.revglue.com/resources/common/banner/mV3nA5Wo5hofj0Ge_ferry-cruises-banner.png,link,,https://www.revglue.com/resources/common/banner/SGd2PvAPWFQnKEz6_ferries-cruiselines-banner.jpg,1,,,,Ferries & Cruiselines,2021-03-31 17:53:04,2022-06-10 15:37:51
43,40,Flights,,Flights,,link,,https://www.revglue.com/resources/common/banner/HG3yZQch7OjEuIl4_flights-banner.png,link,,https://www.revglue.com/resources/common/banner/CT3vnj25eR1BNeHd_flights-banner.jpg,1,,,,Flights,2021-03-31 17:53:04,2022-06-10 15:37:51
44,40,Rail & Coach ,,Rail & Coach ,,link,,https://www.revglue.com/resources/common/banner/mPMqM1DCmnu82LJT_rail-couch-banner.png,link,,https://www.revglue.com/resources/common/banner/E2pFZwBcdwm1JAmS_rail-coach-banner.jpg,1,,,,Rail & Coach ,2021-03-31 17:53:04,2022-06-10 15:37:51
46,40,Car Rental ,,Car Rental ,,link,,https://www.revglue.com/resources/common/banner/Gc6N88DhjBCwoF84_car-rental-banner.png,link,,https://www.revglue.com/resources/common/banner/rshz8eQO99Md5iIr_car-rental-banner.jpg,1,,,,Car Rental ,2021-03-31 17:53:04,2022-06-10 15:37:51
47,40,Package Holidays,,Package Holidays,,link,,https://www.revglue.com/resources/common/banner/VFIOhOYiiIYRXZYq_package-holiday-banner.png,link,,https://www.revglue.com/resources/common/banner/0jxJ1Ow51QKPmx1M_package-holidays-banner.jpg,1,,,,Package Holidays,2021-03-31 17:53:04,2022-06-10 15:37:51
48,40,Transfers & Airport Parking ,,Transfers & Airport Parking ,,link,,https://www.revglue.com/resources/common/banner/m1GRTZCxD0a2A12j_transfer-parking-banner.png,link,,https://www.revglue.com/resources/common/banner/DSo6B1SGtZbrWHEk_transfers-airport-parking-banner.jpg,1,,,,Transfers & Airport Parking ,2021-03-31 17:53:04,2022-06-10 15:37:51
49,0,Home & Living,,"Browse for everything you need to make your house feel like a home. For all the rooms on the inside and all the space on the outside, earn cashback from Black-owned brands to furnish and upholster your abode.",,link,,https://www.revglue.com/resources/common/banner/he9BNJIqtshWAH84_home-diy-banner.png,upload,resources/upload/images/209550158416781507991661463825.png,,1,,,,"Browse for everything you need to make your house feel like a home. For all the rooms on the inside and all the space on the outside, earn cashback from Black-owned brands to furnish and upholster your abode.",2021-03-31 17:53:04,2022-06-10 15:37:51
50,49,Home Improvement & Appliances,,Home Improvement & Appliances,,link,,https://www.revglue.com/resources/common/banner/xvrdOlaMgt6JNHv8_home-appliances_(1)-banner.png,link,,https://www.revglue.com/resources/common/banner/qrTBO2RSznkNb4R6_home-improve-appliances-banner.jpg,1,,,,Home Improvement & Appliances,2021-03-31 17:53:04,2022-06-10 15:37:51
51,49,Garden,,Garden,,link,,https://www.revglue.com/resources/common/banner/UDvMEFcVzrFbN8Zk_garden-banner.png,link,,https://www.revglue.com/resources/common/banner/HU9uGDZvmfmQ0O3T_garden-banner.jpg,1,,,,Garden,2021-03-31 17:53:04,2022-06-10 15:37:51
52,49,DIY,,DIY,,link,,https://www.revglue.com/resources/common/banner/V2wNhEVj2dAB6MfG_diy-banner.png,link,,https://www.revglue.com/resources/common/banner/K6nX1yP9w0y7EDXB_diy2-banner.jpg,1,,,,DIY,2021-03-31 17:53:04,2022-06-10 15:37:51
53,49,Beds & Mattresses,,Beds & Mattresses,,link,,https://www.revglue.com/resources/common/banner/xAlNTWcXXSylhe44_beds-matress-banner.png,link,,https://www.revglue.com/resources/common/banner/PG2TYpKrLDC5zarV_beds-matress-banner.jpg,1,,,,Beds & Mattresses,2021-03-31 17:53:04,2022-06-10 15:37:51
54,49,Decoration & Accessories,,Decoration & Accessories,,link,,https://www.revglue.com/resources/common/banner/x0REQz6OXcyIyp5O_decoration-accessories-banner.png,link,,https://www.revglue.com/resources/common/banner/UgGbQFe3vGwxhMzY_decoration-accessories-banner.jpg,1,,,,Decoration & Accessories,2021-03-31 17:53:04,2022-06-10 15:37:51
55,49,Kitchen & Dining Room,,Kitchen & Dining Room,,link,,https://www.revglue.com/resources/common/banner/N3MGHxMdwRBGsgAn_kitchen-furniture-banner.png,link,,https://www.revglue.com/resources/common/banner/5RoJJGt1ysNzzkff_kitchen-furniture-banner.jpg,1,,,,Kitchen & Dining Room,2021-03-31 17:53:04,2022-06-10 15:37:51
56,49,Bathroom,,Bathroom,,link,,https://www.revglue.com/resources/common/banner/Sl7zvO00CHUmaFlR_bathroom-furniture-banner.png,link,,https://www.revglue.com/resources/common/banner/sxUSkHey8GXfWTmH_bathroom-furniture-banner.jpg,1,,,,Bathroom,2021-03-31 17:53:04,2022-06-10 15:37:51
57,49,Bedroom,,Bedroom,,link,,https://www.revglue.com/resources/common/banner/BjwdEkr5a4fKwdGa_bedroom-furniture-banner.png,link,,https://www.revglue.com/resources/common/banner/v22f2FQamf3vvq46_bedroom-furniture-banner.jpg,1,,,,Bedroom,2021-03-31 17:53:04,2022-06-10 15:37:51
58,49,Living room,,Living room,,link,,https://www.revglue.com/resources/common/banner/7NRa3GrJfDGvj7IR_livingroom-furniture-banner.png,link,,https://www.revglue.com/resources/common/banner/bi5PRMEPp7pm6lUf_livingroom-furniture-banner.jpg,1,,,,Living room,2021-03-31 17:53:04,2022-06-10 15:37:51
59,0,Food & Drink,,Food & Drink,,link,,https://www.revglue.com/resources/common/banner/5DFSUkAVd4kAbcge_food-drink-banner.png,link,,https://www.revglue.com/resources/common/banner/WuCU4j0KeX3zks9v_food-drink-banner.jpg,1,,,,Food & Drink,2021-03-31 17:53:04,2022-06-10 15:37:51
60,59,"Confectionery, Chocolate & Sweets",,"Confectionery, Chocolate & Sweets",,link,,https://www.revglue.com/resources/common/banner/7n9huM6YsveTrwbN_confecry-chocolate-banner.png,link,,https://www.revglue.com/resources/common/banner/edAWglxAdC3lfKQz_confectionery-chocolates-banner.jpg,1,,,,"Confectionery, Chocolate & Sweets",2021-03-31 17:53:04,2022-06-10 15:37:51
61,59,Takeaway & Delivery ,,Takeaway & Delivery ,,link,,https://www.revglue.com/resources/common/banner/Wc0jCbgUGZDcMbea_takeaway-delivery-banner.png,link,,https://www.revglue.com/resources/common/banner/noX6kuHBFQHyct7t_takeaway-delivery-banner.jpg,1,,,,Takeaway & Delivery ,2021-03-31 17:53:04,2022-06-10 15:37:51
62,59,Wine & Alcohol,,Wine & Alcohol,,link,,https://www.revglue.com/resources/common/banner/XVRhngdofEjG9P4x_wine-banner.png,link,,https://www.revglue.com/resources/common/banner/a5lAEwHAd7CEscDO_wines-banner.jpg,0,,,,Wine & Alcohol,2021-03-31 17:53:04,2022-06-10 15:37:51
63,59,Supermarkets,,Supermarkets,,link,,https://www.revglue.com/resources/common/banner/kSANfcseDfHovB0b_supermarket-banner.png,link,,https://www.revglue.com/resources/common/banner/qsBfSOdBgDWYYlUH_supermarkets-banner.jpg,1,,,,Supermarkets,2021-03-31 17:53:04,2022-06-10 15:37:51
67,0,Office & Business,,Office & Business,,link,,https://www.revglue.com/resources/common/banner/Y4raw1zYxEmBIUoB_office-business-banner.png,link,,https://www.revglue.com/resources/common/banner/pkttdrGDVqVZGMug_office-business-banner.jpg,1,,,,Office & Business,2021-03-31 17:53:04,2022-06-10 15:37:51
68,67,Office Supplies,,Office Supplies,,link,,https://www.revglue.com/resources/common/banner/MXywQWwL125YExPR_office-supplies-banner.png,link,,https://www.revglue.com/resources/common/banner/cR3ODAG2qBzQ62ah_office-supplies-banner.jpg,1,,,,Office Supplies,2021-03-31 17:53:04,2022-06-10 15:37:51
69,67,Delivery Services,,Delivery Services,,link,,https://www.revglue.com/resources/common/banner/HrpK8qPdNdz2BNdm_delivery-services-banner.png,link,,https://www.revglue.com/resources/common/banner/R0UTwwtWej9RVyLZ_delivery-services-banner.jpg,1,,,,Delivery Services,2021-03-31 17:53:04,2022-06-10 15:37:51
70,67,Training & Recruitment,,Training & Recruitment,,link,,https://www.revglue.com/resources/common/banner/hGR4gzsiEXfWH8rt_training-recruit-banner.png,link,,https://www.revglue.com/resources/common/banner/7EaLHrAXBhG1iLg6_training-recruiting-banner.jpg,1,,,,Training & Recruitment,2021-03-31 17:53:04,2022-06-10 15:37:51
71,67,B2B,,B2B,,link,,https://www.revglue.com/resources/common/banner/o5c7TQUoMR8d9R4w_b2b-banner.png,link,,https://www.revglue.com/resources/common/banner/fhd8LY16BBTzANjG_b2b-banner.jpg,1,,,,B2B,2021-03-31 17:53:04,2022-06-10 15:37:51
72,67,Packaging Material,,Packaging Material,,link,,https://www.revglue.com/resources/common/banner/03XH7nfWlUIq0qvY_packaging-material-banner.png,link,,https://www.revglue.com/resources/common/banner/PYKOOphGHR1IxJHi_packaging-material-banner.jpg,1,,,,Packaging Material,2021-03-31 17:53:04,2022-06-10 15:37:51
73,67,Advertising & Research,,Advertising & Research,,link,,https://www.revglue.com/resources/common/banner/LOUEDALytgzJTxr7_advertise-research-banner.png,link,,https://www.revglue.com/resources/common/banner/r6dyG88Rh0mxOtwO_advertising-research-banner.jpg,1,,,,Advertising & Research,2021-03-31 17:53:04,2022-06-10 15:37:51
74,0,Entertainment & Leisure,,Entertainment & Leisure,,link,,https://www.revglue.com/resources/common/banner/RClaiZbxab1TRsJJ_entertainment-banner.png,link,,https://www.revglue.com/resources/common/banner/lbQzlbERJ7BHB7DY_entertainment-leisure-banner.jpg,1,,,,Entertainment & Leisure,2021-03-31 17:53:04,2022-06-10 15:37:51
75,74,Events & Tickets,,Events & Tickets,,link,,https://www.revglue.com/resources/common/banner/eUG6SNmPP8yMmaT8_events-tickets-banner.png,link,,https://www.revglue.com/resources/common/banner/nqidXued1dtZ8nJH_events-tickets-banner.jpg,1,,,,Events & Tickets,2021-03-31 17:53:04,2022-06-10 15:37:51
76,74,Books & Magazines,,Books & Magazines,,link,,https://www.revglue.com/resources/common/banner/8T82OAFgJ0QJzFz9_books-banner.png,link,,https://www.revglue.com/resources/common/banner/9Ft3bJosiEmXSE7N_books-magazines-banner.jpg,1,,,,Books & Magazines,2021-03-31 17:53:04,2022-06-10 15:37:51
77,74,Music & CDs,,Music & CDs,,link,,https://www.revglue.com/resources/common/banner/oRNDLmTcNiYHAgh5_music-cds-banner.png,link,,https://www.revglue.com/resources/common/banner/Ik2Ll3sttHZq4axK_music-cds-banner.jpg,0,,,,Music & CDs,2021-03-31 17:53:04,2022-06-10 15:37:51
78,74,Blu-ray & DVDs,,Blu-ray & DVDs,,link,,https://www.revglue.com/resources/common/banner/r9TTIHOgoDBEXBRE_blueray-dvd-banner.png,link,,https://www.revglue.com/resources/common/banner/40d8by2RttZtzpcB_blueray-cds-banner.jpg,1,,,,Blu-ray & DVDs,2021-03-31 17:53:04,2022-06-10 15:37:51
79,74,Gambling,,Gambling,,link,,https://www.revglue.com/resources/common/banner/ZXmZO8dn3BdMePBz_gambling-banner.png,link,,https://www.revglue.com/resources/common/banner/d9KikZ0lSf1XXNnC_gambling-banner.jpg,0,,,,Gambling,2021-03-31 17:53:04,2022-06-10 15:37:51
80,74,Dating,,Dating,,link,,https://www.revglue.com/resources/common/banner/CHbh3DkuoRUMjZ0D_dating-banner.png,link,,https://www.revglue.com/resources/common/banner/9Ma3K1EjvBJ5M2Om_adult-dating-banner.jpg,0,,,,Dating,2021-03-31 17:53:04,2022-06-10 15:37:51
81,74,Fitness & Gym,,Fitness & Gym,,link,,https://www.revglue.com/resources/common/banner/cPJ7tlzJqNatnzia_fitness-banner.png,link,,https://www.revglue.com/resources/common/banner/k8Pt56bN2P97TUjY_fitness-gym-banner.jpg,1,,,,Fitness & Gym,2021-03-31 17:53:04,2022-06-10 15:37:51
82,74,Activities & Experiences,,Activities & Experiences,,link,,https://www.revglue.com/resources/common/banner/Go09tSL8cXibUIcv_activity-experience-banner.png,link,,https://www.revglue.com/resources/common/banner/cvbUVzXiuLjLN5R6_activities-banner.jpg,1,,,,Activities & Experiences,2021-03-31 17:53:04,2022-06-10 15:37:51
83,74,Online & PC Games,,Online & PC Games,,link,,https://www.revglue.com/resources/common/banner/iK8P4IjiT0WASfP5_online-pc-game-banner.png,link,,https://www.revglue.com/resources/common/banner/DRJw1BbctTh1JOn2_online-pc-games-banner.jpg,1,,,,Online & PC Games,2021-03-31 17:53:04,2022-06-10 15:37:51
84,74,Indoor Games,,Indoor Games,,link,,https://www.revglue.com/resources/common/banner/k5BDlBLfzLgnQ8er_indoor-games-banner.png,link,,https://www.revglue.com/resources/common/banner/8roFoEYfSfwzjWX7_indoor-games-banner.jpg,1,,,,Indoor Games,2021-03-31 17:53:04,2022-06-10 15:37:51
85,0,"Arts, Crafts & Gifts",,"If you're looking for a gift for a loved one or for a decorative piece for your home or place work, you'll find that special something for that special someone from our range of Black creatives and retailers.",,link,,https://www.revglue.com/resources/common/banner/En5P3DVQsiEjIc86_gift-gadgets-banner.png,upload,resources/upload/images/143106472015035058471659808759.png,,1,,,,"Arts, crafts and gifts",2021-03-31 17:53:04,2022-06-10 15:37:51
86,85,Greeting Cards ,,"If you're looking to mark special occasions or just want to send a special messages, you'll find Black greeting cards from Black designers and creatives to help you celebrate, thank, send best wishes or messages of love to your loved ones.",,link,,https://www.revglue.com/resources/common/banner/Ac2rBT97WBBecvfy_cards-banner.png,upload,resources/upload/images/71719274410431642421659811683.png,,1,,,,"If you're looking to mark special occasions or just want to send a special messages, you'll find Black greeting cards from Black designers and creatives to help you celebrate, thank, send best wishes or messages of love to your loved ones.",2021-03-31 17:53:04,2022-06-10 15:37:51
87,85,Experiences & Days Out,,"Earn cashback on experiences and days out with family or friends from a range or tour operators, activity coordinators and event hosts.",,link,,https://www.revglue.com/resources/common/banner/Dm22zRfTrBuJOmzf_experience-dayout-banner.png,upload,resources/upload/images/10175890031979357911659813636.jpg,,1,,,,"Earn cashback on experiences and days out with family or friends from a range or tour operators, activity coordinators and event hosts.",2021-03-31 17:53:04,2022-06-10 15:37:51
88,85,Flowers & Florists ,,Earn cashback on beautiful bouquets and romantic rose arrangements from florists who can deliver locally and afar.,,link,,https://www.revglue.com/resources/common/banner/ClFK68zNF5Y8ffgR_flowers-banner.png,upload,resources/upload/images/157776759213656992611659816903.png,,1,,,,Earn cashback on beautiful bouquets and romantic rose arrangements from florists who can deliver locally and afar.,2021-03-31 17:53:04,2022-06-10 15:37:51
89,85,Toys,,"Shop from a wide range of toys for kids of all ages. from babies and toddlers up to the grown ups who are big kids at heart, you'll have fun playing and even more fun earning cashback.",,link,,https://www.revglue.com/resources/common/banner/JohuqwAEYuJtgEYG_toys-banner.png,upload,resources/upload/images/14064830053669367491659817929.jpg,,1,,,,"Shop from a wide range of toys for kids of all ages. from babies and toddlers up to the grown ups who are big kids at heart, you'll have fun playing and even more fun earning cashback.",2021-03-31 17:53:04,2022-06-10 15:37:51
90,85,Gadgets,,Gadgets,,link,,https://www.revglue.com/resources/common/banner/6loYkLtsWPKjnz1s_gadgets-banner.png,link,,https://www.revglue.com/resources/common/banner/bNpCrPE1BGykPpZY_gadgets-banner.jpg,1,,,,"Are you wanting the latest cool, practical or fun gadets & gizmos? Get great cashback and voucher deals when you buy hi-tech, smart or quirky gifts and accessories. Just browse the offers and click to purchase.",2021-03-31 17:53:04,2022-06-10 15:37:51
91,85,Artwork,,"Shop for beautiful artwork from Black creatives from all over the world. From paintings and drawings to sculptures and and digital creations, you'll find outstanding works of art to decorate your office, compliment your home or to gift to a loved one.",,link,,https://www.revglue.com/resources/common/banner/jOClGkmXw2VMHHNt_artwork-banner.png,upload,resources/upload/images/10729490914071277551659809152.png,,1,,,,"Shop for beautiful artwork from Black creatives from all over the world. From paintings and drawings to sculptures and and digital creations, you'll find outstanding works of art to decorate your office, compliment your home or to gift to a loved one.",2021-03-31 17:53:04,2022-06-10 15:37:51
93,0,More,,More,,link,,https://www.revglue.com/resources/common/banner/zDNgrbh8ryYr9Lt4_more-banner.png,link,,https://www.revglue.com/resources/common/banner/JcfTa3Il1cHYROPH_more-banner.jpg,1,,,,More,2021-03-31 17:53:04,2022-06-10 15:37:51
94,93,Pets,,Pets,,link,,https://www.revglue.com/resources/common/banner/6GGZbk2uQJdmqcQZ_pets-banner.png,link,,https://www.revglue.com/resources/common/banner/hS0NdOGx2eOF1mVJ_pets-banner.jpg,1,,,,Pets,2021-03-31 17:53:04,2022-06-10 15:37:51
95,93,Parents & Kids,,Parents & Kids,,link,,https://www.revglue.com/resources/common/banner/kacKhhmRDnHkEiFQ_parents-kids-banner.png,link,,https://www.revglue.com/resources/common/banner/GM3PlvZPMyzDrbCl_parents-kids-banner.jpg,1,,,,Parents & Kids,2021-03-31 17:53:04,2022-06-10 15:37:51
97,93,Luxury,,Luxury,,link,,https://www.revglue.com/resources/common/banner/OZuuCqVv65EWazDf_luxury-banner.png,link,,https://www.revglue.com/resources/common/banner/XctsbYGLU4DvRWza_luxury-banner.jpg,1,,,,Luxury,2021-03-31 17:53:04,2022-06-10 15:37:51
98,93,Adult,,Adult,,link,,https://www.revglue.com/resources/common/banner/3NjJF7hHgm231B0r_adult-banner.png,link,,https://www.revglue.com/resources/common/banner/f8KTiIC4sC8Sv3Cx_adult-dating-banner.jpg,0,,,,Adult,2021-03-31 17:53:04,2022-06-10 15:37:51
99,93,Education & Learning,,Education & Learning,,link,,https://www.revglue.com/resources/common/banner/A1xKz6PjGyouhGDf_education-banner.png,link,,https://www.revglue.com/resources/common/banner/u9hi0Oq6Xev9jnro_education-banner.jpg,1,,,,Education & Learning,2021-03-31 17:53:04,2022-06-10 15:37:51
100,93,Automotive,,Automotive,,link,,https://www.revglue.com/resources/common/banner/J7VxZWVcrb5enPQt_automotive-banner.png,link,,https://www.revglue.com/resources/common/banner/ODPp9sW7zn0lEUgK_automotive-banner.jpg,1,,,,Automotive,2021-03-31 17:53:05,2022-06-10 15:37:51
101,93,Subscription Boxes ,,Subscription Boxes ,,link,,https://www.revglue.com/resources/common/banner/ye8e6hp0dnN6YS1y_subscription-box-banner.png,link,,https://www.revglue.com/resources/common/banner/sYqCFMN3ZTaAupHy_subscription-boxes-banner.jpg,1,,,,Subscription Boxes ,2021-03-31 17:53:05,2022-06-10 15:37:51
102,93,Wedding,,"Shop and earn cashback from Black-owned retailers for clothing, gifts or anything else you might need whether it's yours or a loved ones special day.",,link,,https://www.revglue.com/resources/common/banner/EBjNwJ1Vz0K97qL0_wedding-banner.png,upload,resources/upload/images/188167048820482616361661630380.jpg,,1,,,,"Shop and earn cashback from Black-owned retailers for clothing, gifts or anything else you might need whether it's yours or a loved ones special day.",2021-03-31 17:53:05,2022-06-10 15:37:51
103,0,Health & Beauty,,"Browse through a wide range of Black-owned Health & Beauty brands that will help you look AND feel your finest. Earn cashback on products for your hair, face, body and general wellbeing.",,link,,https://www.revglue.com/resources/common/banner/lHEagTg176jqKyJ2_health-beauty-banner.png,upload,resources/upload/images/66348659118644368961661433909.png,,1,,,,"Browse through a wide range of Black-owned Health & Beauty brands that will help you look AND feel your finest. Earn cashback on products for your hair, face, body and general wellbeing.",2021-03-31 17:53:05,2022-06-10 15:37:51
104,103,Haircare,,"For all your different styles and colours, shampooing or conditioning, to accessorize or leave natural, you'll earn cashback on everything you need for your hair.",,link,,https://www.revglue.com/resources/common/banner/PeKMRttg4sLRXVl0_haircare-banner.png,upload,resources/upload/images/24298024112316515841661435319.png,,1,,,,"For all your different styles and colours, shampooing or conditioning, to accessorize or leave natural, you'll earn cashback on everything you need for your hair.",2021-03-31 17:53:05,2022-06-10 15:37:51
105,103,Makeup & Cosmetics,,No more needing to struggle to find your correct shade with host of Black-owned and diverse skin tone focused makeup and cosmetic brands from which you can discover and earn cashback.,,link,,https://www.revglue.com/resources/common/banner/IBunG7yJaWzWqZF4_makeup-banner.png,upload,resources/upload/images/43234516711987535221661436148.png,,1,,,,No more needing to struggle to find your correct shade with host of Black-owned and diverse skin tone focused makeup and cosmetic brands from which you can discover and earn cashback.,2021-03-31 17:53:05,2022-06-10 15:37:51
106,103,Fragrances,,"As important as it is to look good, you'll also need to smell good too. Browse through a range of Black-owned perfume and aftershave brands and earn cashback ensuring your scent matches your look! ",,link,,https://www.revglue.com/resources/common/banner/oWtTYZPc7ZjP45pu_fragnances-banner.png,upload,resources/upload/images/1109848546266964481661439969.png,,1,,,,"As important as it is to look good, you'll also need to smell good too. Browse through a range of Black-owned perfume and aftershave brands and earn cashback ensuring your scent matches your look! ",2021-03-31 17:53:05,2022-06-10 15:37:51
107,103,Wellness,,"You know what's better than looking good? Feeling good! And with our range of Black-owned wellness focused retailers, we'll make sure you'll earn cashback feeling as good as you look.",,link,,https://www.revglue.com/resources/common/banner/2405KTT0eoRrowHv_wellness-banner.png,upload,resources/upload/images/64981183816337108211661440274.jpg,,1,,,,"You know what's better than looking good? Feeling good! And with our range of Black-owned wellness focused retailers, we'll make sure you'll earn cashback feeling as good as you look.",2021-03-31 17:53:05,2022-06-10 15:37:51
108,103,Skincare,,"Everything you'll need to keep your melanin glowing can be found right here. Earn cashback on moisturisers, lotions, body butters and more from Black-owned skincare retailers.",,link,,https://www.revglue.com/resources/common/banner/CIP6dkWMSju00qGX_skincare-banner.png,upload,resources/upload/images/21307257288321992531661440909.jpg,,1,,,,"Everything you'll need to keep your melanin glowing can be found right here. Earn cashback on moisturisers, lotions, body butters and more from Black-owned skincare retailers.",2021-03-31 17:53:05,2022-06-10 15:37:51
109,103,Bath & Body,,"Take some for yourself with luxurious bath products from Black-owned retailers and earn cashback while enjoying some much needed me"" time.""",,link,,https://www.revglue.com/resources/common/banner/4AaVH3x5lGjWXmrg_body-banner.png,upload,resources/upload/images/7354761031187173131661441512.jpg,,1,,,,"Take some for yourself with luxurious bath products from Black-owned retailers and earn cashback while enjoying some much needed me"" time.""",2021-03-31 17:53:05,2022-06-10 15:37:51
110,103,Tools,,Tools,,link,,https://www.revglue.com/resources/common/banner/F0T8LR4hCRe4C2xw_tools-banner.png,link,,https://www.revglue.com/resources/common/banner/kRhL7NJjXmKBfUQZ_tools-banner.jpg,1,,,,Tools,2021-03-31 17:53:05,2022-06-10 15:37:51
111,0,Clothing & Fashion,,Clothing & Fashion,,link,,https://www.revglue.com/resources/common/banner/Ou7hGgJSCke67CAT_fashion-banner.png,link,,https://www.revglue.com/resources/common/banner/KuSBBJT8mRJG5klh_clothing-banner.jpg,1,,,,Clothing & Fashion,2021-03-31 17:53:05,2022-06-10 15:37:51
112,111,Footwear,,"Shoes, boots, trainers, slippers, everything you need be able to walk the walk while earning cashback supporting Black-owned footwear brands.",,link,,https://www.revglue.com/resources/common/banner/kKiYPkKdubd81zds_footwear-banner.png,upload,resources/upload/images/97316438019935435121661626159.jpg,,1,,,,"Shoes, boots, trainers, slippers, everything you need be able to walk the walk while earning cashback supporting Black-owned footwear brands.",2021-03-31 17:53:05,2022-06-10 15:37:51
113,111,Womenswear,,Shop from emerging brands and inspiring creatives offering the latest and most fashionable in ladieswear from Black-owned retailers and earn cashback revamping your wardrobe for any occasion.,,link,,https://www.revglue.com/resources/common/banner/7R1GhLXT096KCTWe_women-clothing-banner.png,upload,resources/upload/images/1751044489340739801661460722.jpg,,1,,,,Shop from emerging brands and inspiring creatives offering the latest and most fashionable in ladieswear from Black-owned retailers and earn cashback revamping your wardrobe for any occasion.,2021-03-31 17:53:05,2022-06-10 15:37:51
114,111,Menswear,,"We have casual streetwear fits and smart, formal attire - all from Black-owned brands from whom you can earn cashback revamping your wardrobe. ",,link,,https://www.revglue.com/resources/common/banner/qvlAbPhWX4tJFhIz_men-clothing-banner.png,upload,resources/upload/images/64895112215184496051661461808.jpg,,1,,,,"We have casual streetwear fits and smart, formal attire - all from Black-owned brands from whom you can earn cashback revamping your wardrobe. ",2021-03-31 17:53:05,2022-06-10 15:37:51
115,111,Childrenswear,,"From newborns, through to toddlers and all the way to school leavers. Shop from Black-owned brands for the mini fashionista in your life.",,link,,https://www.revglue.com/resources/common/banner/9SVBmLOiXizvNg8R_kids-clothing-banner.png,upload,resources/upload/images/142081852114087010541661462318.jpg,,1,,,,"From newborns, through to toddlers and all the way to school leavers. Shop from Black-owned brands for the mini fashionista in your life.",2021-03-31 17:53:05,2022-06-10 15:37:51
116,111,Sportswear,,Sportswear,,link,,https://www.revglue.com/resources/common/banner/eF0YR0K1vCPYq3JR_sportswear-banner.png,link,,https://www.revglue.com/resources/common/banner/6uhDEFHBayhogyOI_sportswear-banner.jpg,1,,,,Sportswear,2021-03-31 17:53:05,2022-06-10 15:37:51
117,150,Bags,,Bags & Accessories,,link,,https://www.revglue.com/resources/common/banner/sYC6NXknQYmA8BJI_accessories-banner.png,upload,resources/upload/images/2123749235439035271661634937.jpg,,1,,,,Bags & Accessories,2021-03-31 17:53:05,2022-06-10 15:37:51
118,111,Jewellery & Watches ,,Jewellery & Watches ,,link,,https://www.revglue.com/resources/common/banner/JIg8MK69bvSrK85T_jewellery-watches-banner.png,link,,https://www.revglue.com/resources/common/banner/H9UsAqSdAQx6nDi9_jewellery-banner.jpg,1,,,,Jewellery & Watches ,2021-03-31 17:53:05,2022-06-10 15:37:51
119,111,Nightwear & Underwear,,Nightwear & Underwear,,link,,https://www.revglue.com/resources/common/banner/tOSz5GUHeMDP8mYD_nightwear-banner.png,link,,https://www.revglue.com/resources/common/banner/jv0L82qedArTjlhI_nightwear-banner.jpg,0,,,,Nightwear & Underwear,2021-03-31 17:53:05,2022-06-10 15:37:51
120,111,Wedding & Occasions,,"Shop and earn cashback from Black-owned retailers for clothing, gifts or anything else you might need whether it's yours or a loved ones special day.",,link,,https://www.revglue.com/resources/common/banner/m9Ii1VqLeZi0Wd0L_wedding2-banner.png,upload,https://www.revglue.com/resources/common/banner/Fb7kmeA6Ewf8ffB2_wedding2-banner.jpg,,1,,,,"Shop and earn cashback from Black-owned retailers for clothing, gifts or anything else you might need whether it's yours or a loved ones special day.",2021-03-31 17:53:05,2022-06-10 15:37:51
121,111,Swimmwear & Beachwear,,Swimmwear & Beachwear,,link,,https://www.revglue.com/resources/common/banner/djkjAVPFLCmN6Xrp_swimwear-banner.png,link,,https://www.revglue.com/resources/common/banner/2XKVWpG7WqTWUQPO_swimwear-banner.jpg,0,,,,Swimmwear & Beachwear,2021-03-31 17:53:05,2022-06-10 15:37:51
122,15,Software,,Software,,link,,https://www.revglue.com/resources/common/banner/4gASHpTRMx0FN5v1_software-banner.png,link,,https://www.revglue.com/resources/common/banner/qZiQiwiUgHxNZr9i_software-banner.jpg,1,,,,Software,2021-04-12 9:44:03,2022-06-10 15:37:51
123,25,Rental,,Rental,,link,,https://www.revglue.com/resources/common/banner/OkrlwBctWhBp6irC_rental-banner.png,link,,https://www.revglue.com/resources/common/banner/QiTOybiNvc2pQQfv_rental-banner.jpg,1,,,,Rental,2021-04-12 9:44:03,2022-06-10 15:37:51
124,25,Services,,Services,,link,,https://www.revglue.com/resources/common/banner/MJhTsdmvnw35oxQZ_financial-services-banner.png,link,,https://www.revglue.com/resources/common/banner/58BErQ1s3yZcvhLp_financial-banner.jpg,1,,,,Services,2021-04-12 9:44:03,2022-06-10 15:37:51
125,49,Security,,Security,,link,,https://www.revglue.com/resources/common/banner/RGxBgdn2NygKmwUP_security-banner.png,link,,https://www.revglue.com/resources/common/banner/pwuok5J3zaTAjyyJ_security-banner.jpg,1,,,,Security,2021-04-12 9:44:03,2022-06-10 15:37:51
126,49,Maintenance & Cleaning,,Maintenance & Cleaning,,link,,https://www.revglue.com/resources/common/banner/L8BQTOAcBP05lyv4_maintance-cleaning-banner.png,link,,https://www.revglue.com/resources/common/banner/dRfAzPjbD0gDtsKS_maintence-cleaning-banner.jpg,1,,,,Maintenance & Cleaning,2021-04-12 9:44:03,2022-06-10 15:37:51
127,59,Grocery,,Grocery,,link,,https://www.revglue.com/resources/common/banner/i67pYbredHg4rHyV_grocery-banner.png,link,,https://www.revglue.com/resources/common/banner/9KhHlvOYogGT9vmM_grocery-banner.jpg,1,,,,Grocery,2021-04-12 9:44:03,2022-06-10 15:37:51
128,59,Meal Prep,,"For when we our active lives mean we have less time to cook, browse through a range of delicious and nutritious Black-owned meal prep retailers. ",,link,,https://www.revglue.com/resources/common/banner/6YMz3wUte0cpMr4l_meal-box-banner.png,link,,https://www.revglue.com/resources/common/banner/VFjw9ys6t18apcgB_meal-boxes-banner.jpg,1,,,,"For when we our active lives mean we have less time to cook, browse through a range of delicious and nutritious Black-owned meal prep retailers. ",2021-04-12 9:44:03,2022-06-10 15:37:51
129,74,Sports & Outdoors,,Sports & Outdoors,,link,,https://www.revglue.com/resources/common/banner/WrSQmSKg3dZ6pgQl_sports-ourdoor-banner.png,link,,https://www.revglue.com/resources/common/banner/jEHIUZyw5LSZiumX_sports-outdoor-banner.jpg,1,,,,Sports & Outdoors,2021-04-12 9:44:03,2022-06-10 15:37:51
130,74,Subscription Services,,Subscription Services,,link,,https://www.revglue.com/resources/common/banner/ccFudhpcwySnFHEE_subscription-services-banner.png,link,,https://www.revglue.com/resources/common/banner/xBABAgi6uCAVibvO_subscription-services-banner.jpg,1,,,,Subscription Services,2021-04-12 9:44:03,2022-06-10 15:37:51
131,74,Hobbies,,Hobbies,,link,,https://www.revglue.com/resources/common/banner/oByQMI9ib7EoLXEx_hobbies-banner.png,link,,https://www.revglue.com/resources/common/banner/oHyJHeIsMOjf1HSa_hobbies-banner.jpg,1,,,,Hobbies,2021-04-12 9:44:03,2022-06-10 15:37:51
132,74,Travel Accessories,,Travel Accessories,,link,,https://www.revglue.com/resources/common/banner/8vccDCOLcxqi5FZG_travel-accessories-banner.png,link,,https://www.revglue.com/resources/common/banner/jXsfvlVpdBLfUR1O_travel-accessories-banner.jpg,1,,,,Travel Accessories,2021-04-12 9:44:03,2022-06-10 15:37:51
133,74,Event Organisation,,Event Organisation,,link,,https://www.revglue.com/resources/common/banner/hGjLb07O98ssD1TG_event-organization-banner.png,link,,https://www.revglue.com/resources/common/banner/DzVYJkZjMw3fptrH_event-organization-banner.jpg,1,,,,Event Organisation,2021-04-12 9:44:03,2022-06-10 15:37:51
134,85,Alcohol Gifts,,Alcohol Gifts,,link,,https://www.revglue.com/resources/common/banner/a8fm0urCH30tMdZ8_alcohol-gifts-banner.png,link,,https://www.revglue.com/resources/common/banner/gRu2DaT8vVfPHPJm_alcohol-gifts-banner.jpg,0,,,,Alcohol Gifts,2021-04-12 9:44:03,2022-06-10 15:37:51
135,85,Gift Sets,,Gift Sets,,link,,https://www.revglue.com/resources/common/banner/vY3PpXdEJ4azwd2g_gift-card-banner.png,link,,https://www.revglue.com/resources/common/banner/AR1NvIA9sENxHtJU_gifts-sets-banner.jpg,1,,,,Gift Sets,2021-04-12 9:44:03,2022-06-10 15:37:51
136,85,Jewellery Gifts,,Jewellery Gifts,,link,,https://www.revglue.com/resources/common/banner/HRGWATDZvNlqwG02_jewellery-gifts-banner.png,link,,https://www.revglue.com/resources/common/banner/SZuE1Aai2315lycQ_jewellery-gifts-banner.jpg,1,,,,Jewellery Gifts,2021-04-12 9:44:03,2022-06-10 15:37:51
137,85,Gift Cards,,Gift Cards,,link,,https://www.revglue.com/resources/common/banner/WowTgX3l0xrWoLRj_gift-card-banner.png,link,,https://www.revglue.com/resources/common/banner/PUeUR8ldakM0ia05_gift-cards-banner.jpg,1,,,,Gift Cards,2021-04-12 9:44:03,2022-06-10 15:37:51
138,93,CBD & E-juice,,CBD & E-juice,,link,,https://www.revglue.com/resources/common/banner/ola83Sfn0QWBpD94_cbd-ejuice-banner.png,link,,https://www.revglue.com/resources/common/banner/CiEVHjS463b1DtAs_cbd-ejuice-banner.jpg,0,,,,CBD & E-juice,2021-04-12 9:44:04,2022-06-10 15:37:51
139,103,Men's Grooming,,For the discerning gentleman who understands that hair maintenance and skincare regimens and are not just ladies. Look good and feel good earning cashback on Black-owned male grooming products.,,link,,https://www.revglue.com/resources/common/banner/f2Z7SS0c1WV3jUfG_men-beauty-banner.png,upload,resources/upload/images/16439064202658008781661454162.png,,1,,,,For the discerning gentleman who understands that hair maintenance and skincare regimens and are not just ladies. Look good and feel good earning cashback on Black-owned male grooming products.,2021-04-12 9:44:04,2022-06-10 15:37:51
140,103,Healthcare,,Healthcare,,link,,https://www.revglue.com/resources/common/banner/4FIaEsUEuAFaddPc_healthcare-banner.png,link,,https://www.revglue.com/resources/common/banner/xbIsplEFWELhcwei_healthcare-banner.jpg,1,,,,Healthcare,2021-04-12 9:44:04,2022-06-10 15:37:51
141,103,Supplements & Nutrition,,"Muscle in on a great nutrition & supplements deals and boost your bank account with cashback and voucher rewards. If you are seeking something to improve your results at the gym or are looking for the vitamins and minerals your body needs for a healthy lifestyle, there is a great offer to be had.",,link,,https://www.revglue.com/resources/common/banner/9k07WKkHhroX3zC1_supplements-nutrition-banner.png,upload,resources/upload/images/188922662618293282881661453044.png,1,,,,,"Muscle in on a great nutrition & supplements deals and boost your bank account with cashback and voucher rewards. If you are seeking something to improve your results at the gym or are looking for the vitamins and minerals your body needs for a healthy lifestyle, there is a great offer to be had.",2021-04-12 9:44:04,2022-06-10 15:37:51
142,85,Personalised Gifts,,Want to make a special gift for that special someone even more special? Personalise it with the help of the Black-owned gift retailers.,,link,,https://www.revglue.com/resources/common/banner/r491nVvD6pxc35oc_Personalised_Gifts-banner.png,link,,https://www.revglue.com/resources/common/banner/Clr2Y7xRlCZHndlg_Personalised-Gifts-banner.jpg,1,,,,Want to make a special gift for that special someone even more special? Personalise it with the help of the Black-owned gift retailers.,2021-04-12 13:36:24,2022-06-10 15:37:51
143,0,Cashblack To Your Door,,"With Cashblack To Your Door, you can discover local restaurants and grocery stores to order African, Caribbean or from any other authentic Black-owned vendors and earn cashback through our partnerships with your favourite delivery apps such as Deliveroo and Uber Eats. Whether there’s rice at home or not, you can be sure that through Cashblack To Your Door, you’ll always be able to find local Black-owned retailers for your next order.",,upload,resources/upload/images/2780976431601227731628439117.png,,upload,resources/upload/images/178978619312882917371659807599.png,,1,,,,Cashblack To Your Door,2021-06-08 13:19:36,2021-06-08 13:19:36
145,111,revglue,,,,link,,https://www.revglue.com/resources/common/banner/,link,,https://www.revglue.com/resources/common/banner/,0,,,,,2021-05-18 12:19:14,2021-05-18 13:36:02
147,143,Solicitors,,These are top solicitors list of  UK.,,upload,default.png,,upload,default.png,,0,,,,Solicitors,2021-07-01 11:34:44,2021-07-01 11:34:44
148,143,Restaurants,,"Discover local eateries offering delivery services. Not just African and Afro-Caribbean cuisines. We host a wide variety of different establishments from Breakfast to Brunch, dinner to dessert and everything in between - all Black-owned so you no longer need to settle for THAT one chain restaurant. You know the one we're talking about. The one that serves watermelon with jerk chicken, invited customers to cosplay as Rastas but people still reach because of the cocktails...yeah. Them.   ",,upload,resources/upload/images/2825811071612432971628437443.png,,upload,resources/upload/images/11262740317311642991657320891.jpg,,1,,,,"Discover local eateries offering delivery services. Not just African and Afro-Caribbean cuisines. We host a wide variety of different establishments from Breakfast to Brunch, dinner to dessert and everything in between - all Black-owned so you no longer need to settle for THAT one chain restaurant. You know the one we're talking about. The one that serves watermelon with jerk chicken, invited customers to cosplay as Rastas but people still reach because of the cocktails...yeah. Them.   ",2021-07-01 11:36:47,2021-07-01 11:36:47
149,143,Grocery Stores,,,,upload,resources/upload/images/108876285519837351831628437467.png,,upload,resources/upload/images/8251761277974009261657319785.jpg,,1,,,,Grocery Stores,2021-07-08 15:39:11,2021-07-08 15:39:11
150,0,Jewellery & Accessories,,"Get cashback on a variety of items to spoil yourself or surprise that special someone with gifts like bracelets, necklaces, elegant watches and much more.",,upload,default.png,,upload,resources/upload/images/182023435115656909581656457021.jpg,,1,,,,"Get cashback on a variety of items to spoil yourself or surprise that special someone with gifts like bracelets, necklaces, elegant watches and much more.",2022-03-22 8:17:59,2022-03-22 8:17:59
151,93,Law,,,,upload,default.png,,upload,default.png,,1,,,,,2022-06-08 12:23:31,2022-06-08 12:23:31
152,93,Professional Services,,,,upload,default.png,,upload,default.png,,1,,,,,2022-06-08 15:58:16,2022-06-08 15:58:16
153,0,Professional Services,,,,upload,default.png,,upload,default.png,,0,,,,,2022-06-08 15:59:53,2022-06-08 15:59:53
154,153,Legal Services,,,,upload,default.png,,upload,resources/upload/images/168224009913010593021657293785.jpg,,1,,,,,2022-06-08 16:06:47,2022-06-08 16:06:47
155,150,Watches,,"With these stunning watches from Black-owned watch brands, you'll always know what time it is. Shop for a new timepiece and earn cashaback on your purchase.",,upload,resources/upload/images/15956211194875527561661636874.png,,upload,resources/upload/images/168290095710719762661661636885.jpg,,1,,,,"With these stunning watches from Black-owned watch brands, you'll always know what time it is. Shop for a new timepiece and earn cashaback on your purchase.",2022-06-20 15:30:27,2022-06-20 15:30:27
156,59,Meal Test,,,,upload,default.png,,upload,default.png,,0,,,,,2022-07-27 16:32:49,2022-07-27 16:32:49
157,49,Candles,,"Light up your home with our wide range of candles and candle accessories and earn cashback filling your surroundings with beautiful fragrances to create your perfectly serene atmosphere.,offered alongside an array of home fragrances to get your house smelling sweet and serene.",,upload,resources/upload/images/152373902610884521171663675408.png,,upload,resources/upload/images/122297454913795484541663676320.jpg,,1,,,1,Light up your home with our wide range of candles and candle accessories and earn cashback filling your surroundings with beautiful fragrances to create your perfectly serene atmosphere.,2022-08-20 13:18:45,2022-08-20 13:18:45
158,0,Cuisine,,,,upload,default.png,,upload,default.png,,1,,,1,,2022-08-20 13:18:45,2022-08-20 13:18:45
159,158,American,,,,upload,default.png,,upload,default.png,,1,,,1,,2022-08-20 13:18:45,2022-08-20 13:18:45
160,158,Sandwiches,,,,upload,default.png,,upload,default.png,,1,,,1,,2022-08-20 13:18:45,2022-08-20 13:18:45
161,158,Fast Food,,,,upload,default.png,,upload,default.png,,1,,,1,,2022-08-20 13:18:45,2022-08-20 13:18:45
162,158,Chicken,,,,upload,default.png,,upload,default.png,,1,,,1,,2022-08-20 13:18:45,2022-08-20 13:18:45
163,158,Pizza,,,,upload,default.png,,upload,default.png,,1,,,1,,2022-08-20 13:18:45,2022-08-20 13:18:45
164,158,Burger,,,,upload,default.png,,upload,default.png,,1,,,1,,2022-08-20 13:18:45,2022-08-20 13:18:45
165,158,Vegan,,,,upload,default.png,,upload,default.png,,1,,,1,,2022-08-20 13:18:45,2022-08-20 13:18:45
166,158,Halal,,,,upload,default.png,,upload,default.png,,1,,,1,,2022-08-20 13:18:45,2022-08-20 13:18:45
167,158,African,,,,upload,default.png,,upload,default.png,,1,,,1,,2022-08-20 13:18:45,2022-08-20 13:18:45
168,158,Gluten-free,,,,upload,default.png,,upload,default.png,,1,,,1,,2022-08-20 13:18:45,2022-08-20 13:18:45
169,158,Nigerian,,,,upload,default.png,,upload,default.png,,1,,,1,,2022-08-20 13:18:45,2022-08-20 13:18:45
170,158,Ethiopian,,,,upload,default.png,,upload,default.png,,1,,,1,,2022-08-20 13:18:45,2022-08-20 13:18:45
171,158,Ghanaian,,,,upload,default.png,,upload,default.png,,1,,,1,,2022-08-20 13:18:45,2022-08-20 13:18:45
172,158,Caribbean,,,,upload,default.png,,upload,default.png,,1,,,1,,2022-08-20 13:18:45,2022-08-20 13:18:45
173,158,Seafood,,,,upload,default.png,,upload,default.png,,1,,,1,,2022-08-20 13:18:45,2022-08-20 13:18:45
174,158,Jamaican,,,,upload,default.png,,upload,default.png,,1,,,1,,2022-08-20 13:18:45,2022-08-20 13:18:45
175,158,British,,,,upload,default.png,,upload,default.png,,1,,,1,,2022-08-20 13:18:45,2022-08-20 13:18:45
176,158,Dessert,,,,upload,default.png,,upload,default.png,,1,,,1,,2022-08-20 13:18:45,2022-08-20 13:18:45
177,158,Southern African,,,,upload,default.png,,upload,default.png,,1,,,1,,2022-08-20 13:18:45,2022-08-20 13:18:45
178,158,Bakery,,,,upload,default.png,,upload,default.png,,1,,,1,,2022-08-20 13:18:45,2022-08-20 13:18:45
179,158,BBQ,,,,upload,default.png,,upload,default.png,,1,,,1,,2022-08-20 13:18:45,2022-08-20 13:18:45
180,158,Cafe,,,,upload,default.png,,upload,default.png,,1,,,1,,2022-08-20 13:18:45,2022-08-20 13:18:45
181,158,Brunch,,,,upload,default.png,,upload,default.png,,1,,,1,,2022-08-20 13:18:45,2022-08-20 13:18:45
182,158,Breakfast,,,,upload,default.png,,upload,default.png,,1,,,1,,2022-08-20 13:18:45,2022-08-20 13:18:45
183,158,Fine Dining,,,,upload,default.png,,upload,default.png,,1,,,1,,2022-08-20 13:18:45,2022-08-20 13:18:45
184,158,West African,,,,upload,default.png,,upload,default.png,,1,,,1,,2022-08-20 13:18:45,2022-08-20 13:18:45
185,158,East African,,,,upload,default.png,,upload,default.png,,1,,,1,,2022-08-20 13:18:45,2022-08-20 13:18:45
186,158,South African,,,,upload,default.png,,upload,default.png,,1,,,1,,2022-08-20 13:18:45,2022-08-20 13:18:45
187,158,Food Test,,,,upload,default.png,,upload,default.png,,1,,,1,,2022-08-20 13:18:45,2022-08-20 13:18:45